query_id	query_text
787021	what is produced by muscle
1049187	who recorded be my baby
1049519	who said no one can make you feel inferior
788054	what is ptf
2082	At about what age do adults normally begin to lose bone mass?
1051399	who sings monk theme song
527433	types of dysarthria from cerebral palsy
1051909	who sings the song can i have this dance for the rest of our life
265593	how long it take to get a master's degree
1052368	who stabbed dr. martin luther king
265953	how long normally lead time for renewal driving license
1136649	why is energy lost in the second law of thermodynamics
87452	causes of military suicide
529397	types of procurement contracts
7551	What is the longest bone in your body and where is it located?
7578	What is the meaning of the middle name Marie?
272996	how long until you can get loan forgiveness from student loans
273270	how long will a cooked veal chop last in the refrigerator
13365	age limits for navy officers
537968	vitamins to grow hair
276356	how many calories do you burn in an hour of swimming
538755	wages and salaries expense is
1063750	why did the us volunterilay enter ww1
540006	was friedrich nietzsche an atheist
1064670	why do hunters pattern their shotguns?
803542	what is that part of the back of your knee called
281250	how many days does the moon take to orbit the earth
19335	anthropological definition of environment
1068235	why does the statue of liberty bear a light torch
1068356	why does water form drops on the outside of glass
282148	how many devices can the night hawk wi-fi acomadate
1068734	why forward cg increases stall speed
1069207	why is a person given insulin while they are in a coma
1071750	why is pete rose banned from hall of fame
23287	are landlords liable if someone breaks in a hurts tenant
547849	weight water per cubic foot
877809	what metal are hip replacements made of
288850	how many miles from los angeles to las vegas driving
290916	how many ounces are in half a gallon of milk
29624	augured definition
816172	what is the difference between Davis Cup and Fed cup in tennis
816748	what is the difference between a visitation and a funeral?
292792	how many people on ssi in u.s.
555530	what are best foods to lower cholesterol
293523	how many points does stephen curry have for his career
105804	cost of new toilet and installation
818295	what is the difference between ricotta cheese and cottage cheese
294028	how many protein and carbs before working out early morning
295266	how many seasons of the show highlander is there
821914	what is the format for audio cd
822191	what is the friar's vocation in romeo and juliet?
300025	how many whales are caught in fishing nets off california
300487	how many years after services can a dr's office bill a patient
300986	how many years in jail for money laundering
563799	what are proteins made of and why are they important?
826968	what is the language spoken in france
303293	how much can i put in traditional ira
303586	how much carbs in corn
827885	what is the left lobe of the brain used for
42255	average salary for dental hygienist in nebraska
305966	how much do i have to pay for amazon prime
568750	what are the diff skills related fitness and health related fitness
570248	what are the fundamental differences between a monarchy and a constitutional form of government?
832573	what is the methylmalon a. c test
47210	average wedding dress alteration cost
835301	what is the name of the longest canal in the western hemisphere
311125	how much does a pure breed portuguese water dog cost
835608	what is the name of the sheath around the axons that serves as insulation and speeds neural transmissions?
835760	what is the name of the triangular region at the base of the bladder?
835851	what is the name of willie nelson's guitar? a
573724	what are the social determinants of health
573933	what are the steps of dna replication in the cell
312764	how much does an entry level graphic designer charge per hour
630651	what does a urologist do for a woman
838673	what is the pay hourly and annually for a social worker
576538	what are ugg boots?
315330	how much does it cost to fix a foundation on a home
315378	how much does it cost to for a concrete driveway
315638	how much does it cost to go to arizona state university
840276	what is the postage to mail letter to vancouver, canada?
1102663	who was the leader of the socialist party during the progressive era
1102690	who was the first black quarterback to play pro football
1102932	who produces french montana
1103153	who is thomas m cooley
1103547	who is jaffe?
1103617	who is elias disney
1103812	who formed the commonwealth of independent states
1104049	definition of daguerreotype
1104164	which statement correctly explains the polarity of the water molecule?
1104300	which part of the life cycle is dominant in bryophyte?
1104398	which muscle has autorhythmicity
1104447	which kind of continental boundary is formed where two plates move horizontally past one another?
1104462	which is the most important effect of the bessemer process
1104510	definition of bilious
1104706	which blood test indicates the presence of inflammation in the body
1105879	define: chargeback
844331	what is the rid program
1106499	when does the last jedi come out on blu ray
1106979	define pareto chart in statistics
1107080	what's the population of great falls montana
1107387	define microsystem
1107461	what year did color tv first come available to the public
1107678	what was the name of the eastern part of the roman empire who ruled it
1107704	what was the main benefit of a single european currency?
583468	what carvedilol used for
1107821	what was radio free europe?
1108651	what the best way to get clothes white
1108686	what term is defined as sharing powers between the state and federal government?
1109194	what r factor insulation is good for under mobile homes
1109313	what plants did the chumash plant a the santa barbara mission
1109358	what phase is the moon supposed to be in to have a solar eclipse
1109489	what other mefdications that can be used with incruse ellipta
1109515	what organ produces the enzymes released in the small intestine
1109544	what nutrients are used by the body as a source of energy?
1109707	what medium do radio waves travel through
1109840	what law is concerned with the safety and health conditions in the majority of private-sector industries?
1110199	what is wifi vs bluetooth
1110201	what is whr battery
62152	can a creditor report a collection without an open date?
1110892	what is the snow plow prep package on a new truck
1110996	what is the role of t tubules
1111084	what is the purpose of using internet research tools such as zotero?
324720	how much money do you get someone for a college graduation
1111198	what is the process by which animals, wind, and rain transfer pollen to the pistil of a flower?
1111422	what is the name of the speaker of the house of representative
1111577	what is the meaning of the phrase jump on the bandwagon
1111758	what is the largest payout by our the u.s government
1111970	what is the frequency range of sound people can hear
1112103	what is the earliest age you can get alzheimer's
1112190	what is the difference between insurance certificate and declaration's page?
1112209	what is the difference between cured and uncured lunch meat?
1112219	what is the difference between and abrasion and a scrape
1112341	what is the daily life of thai people
1112560	cost to ground a house
1112631	what is the basic old age security payment for canada?
1112761	what is the agreement the created a set of rules for international trade
64588	can arthritis be confused with lyme diease
1103034	who owns duke energy
1113361	what is prior restraint?
1113437	what is physical description of spruce
1113652	what is normal for a dogs sugar level
1113664	cost of attendance iupui
1113686	what is network name?
1113741	cost of acura rdx
1114143	what is japanese magnolia?
1114391	what is homogenizing
1114469	what is green unakite
1114646	what is famvir prescribed for
1114819	what is durable medical equipment consist of
1115127	what is collenchyma
1115776	what is an aml surveillance analyst
67316	can fever cause miscarriage early pregnancy
1115963	what is a vascular survey?
67637	can genital warts cause intense itching
1116380	what is a nonconformity? earth science
1116388	what is a nixie clerk
1116622	what is a groundhog?
68196	can hot tub chemicals cause burns
1117099	what is a active margin
1117169	what impacts does nicotine have on the human body
1117243	what helps u nails grow
1117298	what happens when teeth turn gray
330975	how much would it cost to install my own wind turbine
1117523	chattanooga lifeguard pay scale
332000	how often is a census conducted in the us
1118547	what does nan mean in python
1118716	what does karl marx say about the nature of man
332593	how often to button quail lay eggs
70509	can jury members talk about a trial after they have rendered a verdict
1119157	what does decanting mean?
1119543	what does a psychological screening consist of for egg donors
1119594	what does a large mass on your pancreas mean
1119719	what do you need to get done for title opinion
333407	how old do you have to be to become a police officer in montana
1120094	what did the case korematsu v. u.s. deal with, and what was the verdict by the supreme court?
1120387	what county is stanley wi in
596569	what classes do i need to take to go to vet school
1120977	what city in florida was jonathan michael poteet born in
1121353	what can you do about discrimination in the workplace in oklahoma city
1121402	what can contour plowing reduce
1121568	what artist used baroque style
1121610	what are vehicle windshields made of
1121746	what are the steps of a flowers life
1121909	what are the instruments in a woodwind quintet
316697	how much does it cost to replace battery cables
1122627	what are caniforms
599782	what compound provides the reducing power for the calvin cycle reactions?
337656	how old was the elephant man when he died
1124092	types of cranes in florida
1124210	tracheids are part of _____.
1124450	the superior vena cava is formed by the union of
1124614	the highest amount a landlord can charge for rent is an example of
1124684	the boulders location scottsdale
600960	what contra account is used when recording or reporting the effects of depreciation? why is it used?
1126413	pepsin a
1126458	patronage define
1127356	microphlebectomy definition
1127540	meaning of shebang
1127763	meaning antipathy
1128488	is the affordable care act constitutional under the commerce clause
1128632	is levothyroxine likely to cause weight loss or weight gain
316914	how much does it cost to soundproof your bedroom ceiling
1105680	define: palimony
1129237	hydrogen is a liquid below what temperature
1129558	how should sharepoint be used
1129560	accounting definition of building improvements
406721	is coconut oil supplements
578816	what bevel gears are used for
1129747	how old do you need to be to take an iq test
1129908	how much sodium is in a teaspoon of soy sauce
1130099	how much minimum sleep do you need in a day
1130145	how much is the entry fee for the telly awards
868825	what kind of instrument did marty robbins play
1130982	how many times can an ant lift it's own weight
1106007	define visceral?
1131069	how many sons robert kraft has
1131269	how many people have died or are infected with aids
1131645	how many feet on one side of a square mile
1131773	how many days do you have to wait before foreclosing in texas
1131866	how many chromosomes are in a typical human body cell?
1132028	how many calories are in a cup of coffee with creamer, sugar
1132213	how long to hold bow in yoga
83724	castle meaning names
1132532	average annual income data analyst
1132748	how long does it take a doctor to get biopsy results
1132805	how long does a renewal passport take to mail out
1132924	how long do it take to get mail tax refund
1132933	how long do i grill salmon for medium
1133138	how long after labrum surgery can i take a bath
1133167	how is the weather in jamaica
1133169	how is the value of a good or service determined? in business
608920	what county is lynchburg, tn in
1133579	how does granulation tissue start
1134044	how are electrolytic capacitors constructed, and what is particularly noteworthy about their use?
1134856	aramaic meaning
1135131	explain the difference between demand pull and cost push inflation
1135155	exempt definition
1135424	during what time is estrogen secreted
1135488	dr. breyer, in dayton ohio
1135557	don't give your pearls to swine meaning
1135564	domenicos theotokopoulos, known as el greco, created which piece of art?
1135969	difference between phenotype and geno
1136043	difference between a hotel and motel
1136047	difference between a company's strategy and business model is
1136581	why is professional development is for early childhood educators important
451602	medicare's definition of mechanical ventilation
1136769	why does lacquered brass tarnish
89381	cdl training program? meaning
1102843	who starred in dave
845121	what is the sacraments of service in the catholic church
146187	difference between a mcdouble and a double cheeseburger
615176	what court has appellate jurisdiction circuits based on population distribution
841092	what is the problem with someone who will only volunteer and has no money
619768	what did steve jobs sell to get the start-up money for apple
883278	what organ produces and secretes enzymes essential for digestion
322228	how much is it to check a bag through delta
884945	what part of the body would be deprived of oxygen in case of carotid artery stenosis
640502	what does it mean if your tsh is low
623215	what do graduating mechanical engineers make
1103178	who is the second in command of the executive branch
100043	cortana what is the weather for sammamish washington.
887500	what play was lincoln seeing when he was assassinated
715981	what is an ivp test
626083	what do you add to the wash to prevent colors from fading
364210	how to help a jammed finger
1109415	what percent can i deduct for medical expenses on federal taxes
366370	how to know how long your channel art on youtube
104861	cost of interior concrete flooring
323347	how much is the salary as a machine operator at
891547	what river in part forms the southern border of the united states?
891757	what role did geography play in how the greeks obtained food?
629937	what does a popped blood vessel in hand feel like
107320	cost of stove
632075	what does an outreach committee do
891781	what role did stonewall jackson play during the civil war
1103471	who is lever soap owned by
935964	when are whales most active for whale watching in massachusetts
112674	crenation occurs when a blood cell is placed in a
112700	crest syndrome esophageal dysfunction
899853	what supplements to take care of swollen feet and ankles
639351	what does identity crisis mean
116187	deca durabolin minimum dose
902691	what term refers to the process by which earth's atmosphere traps heat and energy
641072	what does it mean when it is exempt on taxes
118440	define bmt medical
119184	define collaborative software
929263	what zodiac sign is intellectual and rebellious
1112307	what is the definition of corresponding angles in math m
120938	define encaustic paintings
120961	define endoscopies
121171	define etruscans
645682	what does pitch of the sound mean
806694	what is the average pay scale in massachusetts for a sonographer
646091	what does prenatal care include
122354	define horizontal gene transfer
817848	what is the difference between linear regression and logistic regression
122436	define humbling
647362	what does s/p mean medical
123350	define library management
124178	define money bonds
911232	what type of conflict does della face in o, henry the gift of the magi
911764	what type of dog was cujo
126889	define seduce dictionary
390360	ia suffix meaning
914916	what type of tissue are bronchioles
654354	what does type mean
916917	what vitamin does carrots contain
130510	definition declaratory judgment
883547	what organisms does pyr identify
1104213	which scientist developed the idea that microorganisms can cause diseases?paul ehrlichanton van leeuwenhoeklouis pasteuralexander fleming
917605	what war did yellow journalism cause
131843	definition of a sigmet
656599	what effect do solar flares have on earth
657476	what enzyme allows the body to digest and absorb iodine
395948	information about who howard gardner and what does he do
397621	intraweb definition
135802	definition of laudable
660766	what food value cheese has
398750	irs nc phone number
399492	is a brick roast the same as a delmonico roast
661905	what foods should you stay away from if you have asthma
1115210	what is chaff and flare
924322	what were the primary causes of the french revolution? check all that apply.
138029	definition of scoliosis mild
833860	what is the most popular food in switzerland
1115705	what is an example of a gland that has both endocrine and exocrine function
141630	describe how muscles and bones work together to produce movement
928591	what year was the song hoedown throwdown
405163	is caffeine an narcotic
143116	dictionary definitions revolutionizing
405717	is cdg airport in main paris
144414	did lisa marie presley marry michael jackson
842827	what is the purpose of the mass air flow sensor?
672128	what is .obj file type
672392	what is 8p rj45
148538	difference between rn and bsn
935353	when and where did the battle of manassas take place
673670	what is a alm
938400	when did family feud come out?
287683	how many liberty ships were built in brunswick
677533	what is a cistern for water
940547	when did rock n roll begin?
363049	how to get to machu picchu ruins from aguas calientes
942395	when did the u.s. end its involvement in the vietnam war?
899842	what supplements should i take on a dairy free diet
156276	do felt washers stop battery terminal corrosion?
156498	do google docs auto save
156873	do i have to pay taxes on sale of inherited house
506772	symptoms of a broken heart
681645	what is a divorce bench trial
856715	what is tortfeasors
1119154	what does defease mean
843373	what is the rc51
688007	what is a kanima
426764	is the market economy an economic principle
952262	when is the best time to do a home pregnancy urine test
952284	when is the best time to fish with a crawfish color bait
1120027	what disease is the neurological disorder that involves degradation of the myelin sheath?
168216	does legionella pneumophila cause pneumonia
168329	does light intensity or concentration of carbon dioxide have a higher rate of photosynthesis
693059	what is a norms
169208	does mississippi have an income tax
945747	when does a late payment get reported
431958	is zillow down
956549	when was adam saleh born
1120751	what county in tn fayetteville
421946	is pulse ox screening for children law?
697123	what is a quorum?
960857	when was the first cigarette lighter invented
174463	dog day afternoon meaning
962179	when was the salvation army founded
1121709	what are the three percenters?
947019	when does michelin fall rebate begin
701453	what is a statutory deed
177465	east hemet ca population
1105792	define: geon
964837	where and when did the holocaust take place
816390	what is the difference between a german spitz and a japanese spitz
441949	long how long can alcohol show up in a urine test
180176	employee who is flexible
704564	what is a type II diabetes definition
1078832	woa world population awareness
706503	what is a worthog like?
182539	example of monotonic function
706845	what is aa mean
1122764	what amount does a couple have to make to file income tax
1122767	what amino produces carnitine
183378	exons definition biology
707882	what is acumen fuse
30611	average age of men at marriage
709042	what is airbus
975079	where does the welsh language originate from
977084	where is archive mean?
191893	fringe benefits for state employees
931688	what's the difference between dvd-r and dvd+r
718448	what is another word for connecting back to the roots?
980697	where is cranston
456466	most beautiful places in pakistan
194779	getting a degree from a college or university can be a long and difficult task
194927	giblets meaning
1045262	who owns dc clothing
195960	google how many people were killed in the world war one
722775	what is bcd liquid?
277215	how many calories in a wheat toast
985456	where is johnston sc
461277	name kristen meaning
76900	can you do yoga from a chair?
1125718	resembles definition
200944	helsinki the capital of finland is located on what sea
201129	henna tattoo meaning designs
989969	where is pace boulevard?
818583	what is the difference between the range rover and the range rover sport
990537	where is piccadilly circus
730539	what is chronometer who invented it
468525	on a human heart what carries deoxygenated blood to the lungs
207786	how are some sharks warm blooded
734004	what is considered optimal blood pressure?
996519	where is the mailbox in ironforge located
997622	where is the show shameless filmed
741804	what is duragen
190623	for what is david w. taylor known
1006728	which cerebral lobe of the brain is involved in our ability to see?
746571	what is fccla ?
688365	what is a lady bird johnson document regarding an estate
1129909	how much snowfall does flagstaff arizona average each
226975	how does my baby get submitted for medicaid after birth
1013854	which nation was most threatened by the strategy nixon chose to end the vietnam war?
1014799	which of the following individuals was elected as president of the constitutional convention?
1014847	which of the following is a common industrial use for a mineral?
490595	rsa definition key
1015092	which of the following is an example of an implicit memory task?
1015504	which of the following muscles is not a forearm flexor at the elbow
230174	how far does the sears tower sway in the wind
1130665	how much do milton hershey school teachers make?
1017710	which portion of the brain is primarily responsible for arousal
493490	schizandra berry benefits
1018358	which psychological disorder is characterized by major disturbances in thought, perception, and behavior?
1019430	which song writer wrote the song, this land is your land
1131296	how many people die from starvation a min
234536	how feet are in a mile
499370	slip along, meaning
1023812	who are frederick douglass two sons who joined the army
237669	how is the oil pollution act of 1990 effect oil companies
301866	how much a person earns for repairing credit?
869874	what kind of paper do you use with acrylic paint
239192	how long after partial knee replacement will be able to walk
239480	how long after you move must you change your drivers license
258441	how long does it take your body to process liquid
240206	how long are you infectious with flu
502406	standard franchise fee
764738	what is lbm in body composition
242176	how long can i store boiled eggs
504404	string length sql
505390	supartz injections what does it made of
1030303	who is aziz hashim
768208	what is mamey
769280	what is mcafee central app
245438	how long do i boil eggs until they are done
508292	symptoms of neuroma pain
248704	how long do you use eye drop after cataract surgery
774736	what is my perc
1037496	who is rep scalise?
1037798	who is robert gray
252284	how long does it take a car battery to charge
252692	how long does it take for 20 mg of adderall to get out your system
252915	how long does it take for a dislocated shoulder to heal
253263	how long does it take for a sprained wrist to heal
1040198	who is the final arbiter of florida law in instances where there is no federal authority?
255223	how long does it take the earth to rotate on its axis
1042077	who is the voice of dean abigail hardscrabble in the movie monsters university?
255892	how long does it take to clear up pink eye
1043135	who killed nicholas ii of russia
258062	how long does it take to remove wisdom tooth
783076	what is personality and intellectual development in early childhood education
783322	what is pharmacy science in ireland
960970	when was the first gas going to ride?
855410	what is theraderm used for
588	1099 b cost basis i sell specific shares
9141	a boiled egg is how many calories
43905	average single person income
49712	behavior define
58376	calculate btu per natural gas flow
71396	can migraines cause face numbness
73224	can scleroderma cause kidney failure
74462	can the irs garnish your wages
76762	can you delete and email if it hasn't been read yet
77640	can you get a master's degree in tefl
83218	cast from the waterboy
86062	causes of dizziness when you stand up
96019	compact disc definition
96069	comparative advantage definition
97114	connecticut phone number
101306	cost for plantation shutters large window
119328	define concentrations
126403	define remission of sins
126670	define sage person
127757	define swagger stick
131121	definition geriatric
135494	definition of infamy
140220	definition: concerted
144931	did robert mueller call for a one world government
150289	different types of coconut oil
151192	different with interest to file date, late payment penalty, and late filing penalty
155811	do cops pull over for tint
181440	eschew definition
187486	first symptoms of hiv aids
201263	herald definition
201371	here is cresson tx
202038	highest credit score in us
217672	how do i contact netflix
222797	how do you know if your blood sugar is low
245938	how long do kebab sticks need to soak before using.
266863	how long should i keep federal tax records
279700	how many cmare in a yard
286494	how many inches is in a micron
317106	how much does it cost university of southern maine
321896	how much is daniel kaluuya
328035	how much space needed between range and microwave hood
332634	how often to change water filters
334705	how old is colleen ballinger
337607	how old was princess kelly when she died
359077	how to find scrambled words
359545	how to find velocity of the the top of a ladder
369746	how to make speed edit videos
404396	is bitumen hazardous
414647	is it safe to take collagen pills
437104	largest polish cities
438221	laypeople definition
449179	meaning of sexist
455096	miura price
476870	population atlanta
481559	primary disease definition
498243	similarities and differences between apes and humans
508467	symptoms of postpartum thyroiditis
509977	synonyms of permit
531956	undercome meaning
547017	webster definition of marijuana
550225	what age can children be left alone
554534	what are action verbs examples
558169	what are elemental gases
563527	what are potatoes good for?
568224	what are the children of cousins called to each other
570690	what are the ingredients in keratin complex
572450	what are the pills loratadine for
575273	what are the two white blood cells
575934	what are three ways carbon is stored on earth
579478	what body system does the spleen belong to
584459	what causes a cramp?
604668	what county is corbin, ky
606524	what county is glenmont ny in
607154	what county is hempstead tx
609312	what county is medina, tn in
611278	what county is pierson mi in
612918	what county is south richmond hill ny in
615337	what creates tides
615362	what creatures have the ability to regenerate
617549	what degree do you need for product development?
618804	what did cigarette makers argue in the cipollone case
633670	what does burning incense do
634048	what does cats stand for in sap
638903	what does high bilirubin mean
653094	what does the term flagship mean?
659734	what fingers go numb with carpal tunnel syndrome
660464	what food help hair health
678701	what is a concept noun
681011	what is a destructive force
686353	what is a harpy eagle
686853	what is a highwayman
697710	what is a regents diploma in ny
700926	what is a speech delay
708466	what is advance bid euchre
711517	what is an alm system
713628	what is an enforceable agreement
717323	what is an seo fellowship
730127	what is chimerism lab testing
743714	what is emulsified cod liver oil
743901	what is energy deregulation
744805	what is esea
754324	what is heavy cream substitute
767721	what is made with nitrogen
776538	what is new yorks zip
784354	what is plaque psoriasis
786332	what is prejudice in sociology
808035	what is the benefits of eating garlic
819096	what is the distance between ft. worth, tx and dallas, tx?
821067	what is the fdi
827335	what is the largest postcard size
840703	what is the price to recharge car
843975	what is the relationship between the board and the ceo
848156	what is the standard size for paper in the us in px
854995	what is the zip code for flandreau, sd
856960	what is traction bronchiectasis
857203	what is transformation transduction conjugation
862081	what is warren sapp's net worth
863274	what is withholding rate for bonus compensation?
865485	what it means when the neck gets black
871695	what lab test is mcv
873682	what level does sandile evolve in black
877633	what medicines can cause hyponatremia
883185	what organ does hepatitis c affect
884624	what part of back does hip pain come from?
906406	what to do for tooth pain
916600	what vehicles are small suvs
920812	what was the grange movement
923936	what were the causes and consequences of wwi
928502	what year was the movie el dorado
935409	when and where was soccer invented
938662	when did germany become a country
943955	when do grapes come into season
952098	when is the artificial pancreas available
957446	when was dover city in delaware founded
960685	when was the empire state building finished
961943	when was the nitrate film recall
971599	where do steelers hold ota
977219	where is arroyo grande california
977306	where is assyria today
978842	where is brush valley
984374	where is hepatic segment 5 of the liver
991125	where is pulmonic area located
997700	where is the song danza kuduro from
1006826	which characteristics describe unstable agina
1008011	which course is best to study in china
1015763	which of the following statements, if any, accurately describe how genes, chromosomes, and proteins are related?
1026376	who did danny ainge play for
1026506	who did michael robinson play football for
1029408	who is a customer
1031549	who is connie chung's husband
1035358	who is lisa marie married to presley
1041516	who is the principal of a bond
1044982	who originally wrote the song wonderwall
1047377	who played the original jack abbott on y&r
1052210	who sings when i get to where i'm going
1056239	who was the first us lady married in the white house
1069848	why is columbia called soda city
1103147	definition of invert
1103221	definition of indubitable
1103496	definition of gnp
1103618	who is eli cash in the royal tenenbaums
1104024	which volcano has mild eruptions
1104242	which profession focuses the study of society
1104307	which part of the brain controls vital functions like sleeping and breathing
1105211	where is palm-eagle beach
1105706	where do the original armenians come from
1106106	when was samuel g, kadorian born
1106511	when does spring break start?
1106986	define parallel structure in literary terms
1107021	what's the weather in fairbanks ak
1107282	what's a love bite
1107857	what was legalism
1107936	what vitamins help resist infections
1108500	what time it is in new york
1108624	what the prefix co means?
1109594	what nationalities celebrate easter
1109635	decorous meaning
1109813	what level of output does diminishing marginal returns occur?
1110083	what kind of badge do you wear around radiation
1110483	what is thermagel u
1111058	what is the recovery period for vaginal hysterectomy
1112454	what is the coldest place on
1113899	what is mdm medical
1114472	what is grand total
1114847	what is dm marketing buffalo
1115209	computing definitions
1115540	what is anti social behaviour
1116074	what is a surface dive
1116458	what is a meteors mostly made out of
1116516	what is a longbow
1116616	city of torrance population
1116652	city of morenci, mi
1117640	what empire claimed descent from genghis khan
1117924	what does the timing cover do
1118174	what does tango blast stand for
1118268	what does sfaa stand for
1118484	what does osd mean in shipping
1118971	what does follicle stimulating means
1119079	what does durango mean
1119417	cause of jim kelly's mouth cancer
1119559	what does a photo booth consist of
1119637	what does a criminal justice lawyer usually do
1119809	what do sexually transmitted disease
1120471	what county is orr mn in
1120504	what county is newfane, ny
1120586	what county is jupiter under in fl
1120669	what county is durham ct
1120687	what county is crestline oh in
1121233	what causes dvt in leg
1121508	what biome are evergreen trees in
1122166	what are some therapies for aids
1122562	what are doctors called that do thyroid
1122688	what are all the security
1122757	what an aol account
1122921	wendy flaherty
1123024	weather in whittaker
1124038	types of real estate jobs
1124162	tricky meaning
1124415	theological holism definition
1124584	the major difference between oxygen and ozone
1124808	temperature in taylor mi
1126260	pilfer meaning
1126329	phone number for fema
1126502	painful define
1127433	medication for urinary tract infection
1127500	meaning of transportation
1128418	is there one airport for belize?
1128514	is sharepoint web based
1129279	hp printer support toll free number
1129648	how old is patrick chan
1129790	how often does sids occur
1130011	average salary of nfl linebacker
1130693	how much do cna's salary
1131072	average mass % of acetic in vinegar
1131970	average cost repair for jeep cherokee
1132364	how long is the residency for a pediatrician?
1132629	how long does it take to become an entomologist
1132955	how long do female dogs stay in first heat
1133619	how does botox for bladder issues work
1133899	how did carnival begin
1133993	how big can carry on luggage weight
1134072	houston baptist university student population
1134232	history of saugus ma
1134407	are phospholipid non polar
1134479	hara bhara kabab recipe
1134613	glossophobia meaning
1135156	exemplification letter what is it
1135317	ehr meaning
1136016	difference between founder and co-founder
1136338	words that begin with the letter u
2000511	average bahamas temperature at the end of october
2000553	average income of doctors in usa
2000661	best way to clean stainless steel pots
2000719	business architect role definition
2001212	demand for labor economics
2001319	difference between privatization and globalization
2001487	education needed to be a forensic scientist
2001532	example of what a family advocate does
2001536	examples of prepositional phrases and appositives
2001657	genetic mosaic definition
2001708	gutta recipe
2001908	how do I replace the burners on a ducane grill
2001954	how do i find my facebook account
2001975	how do i insert notes under a slide in powerpoint
2002089	how do you cook pork tenderloin
2002146	how do you root a yucca plant
2002236	how does the constitution safeguard individual rights
2002269	how fast does a rabbit grow
2002533	how much average cost to plan a 8' tree?
2002563	how much do wnba players make
2002587	how much does an optometrist earn
2002798	how to age steak
2003157	how to cook frozen ham steak on nuwave oven
2003322	how to dilute ceftriaxone vial
2003976	how to put together a scuba regulator
2004237	how to transfer deposit to another account online westpac
2004253	how to trim blank space in excel
2004440	importance of purpose of research
2004482	irs rules for roth distributions
2004634	lantana native range
2005035	purpose for line of credit
2005280	solar irradiance definition
2005291	sources of sulphur in diet or skin absorbant supplement
2005810	what are the entities of the executive branch
2005853	what are the strengths and weakness in competitive strategy
2005861	what are the three countries in 1984
2005916	what can i do with a human resources degree
2005968	what causes pseudomonas ear infection
2006060	what distinguishes paleolithic from neolithic ap
2006083	what do main sequence stars have in common
2006211	what does auslan interpreted performance mean
2006289	what does hemp oil do for you
2006338	what does mic susceptibility interim mean
2006347	what does notice of discontinuance mean
2006375	what does quotient of a power mean
2006394	what does septrin heal?
2006479	what does trna do
2006627	what is 311 for
2006695	what is a bagworm
2006818	what is a fact geodes
2006900	what is a macrobiotic diet
2006976	what is a posterior vitreous detachment
2006985	what is a psychologist
2007055	what is a sulfa treat
2007105	what is acid drug
2007419	what is cold bridging
2007430	what is computer cloud
2007930	what is methocarbamol 750 used for
2007965	what is morgellons disease
2008137	what is predominant structure of dna
2008179	what is rebt theory
2008337	what is temperature example
2008383	what is the cingulate motor area
2008616	what is the structures of lipids
2008871	what phylum includes the ascaris and the pinworm
2008991	what to order in a fatigue workup
2008994	what to put on french toast bake
2009150	whats the foos chain in a grassland
2009159	when did hawaii become a state
2009552	why are social skills important in life
2009553	why are the cotswolds so named
2009871	why was the massachusetts bay colony founded
2010579	what game is ginga
2010591	what is microsoft visio
2010815	who is larry d alexander
2010894	how long to knead with dough hook
2011283	how do you play scattergories
2012431	ebola how can it be prevented
2012536	how to cook pork tenderloin steaks in oven
2012696	where does a jackrabbit live
2013306	who is gehan homes
2013323	what type of bond is kcl
2014063	skyrim how to raise carry weight
2016333	how to make ground beef empanadas
2017299	where is the us open  golf held this year
2024598	how much can you transfer on zelle a month
2024762	probable definition in accounting vs more likely than not percent
2024779	what is a male a boy
2024965	how big if a usb drive do i need for creating a system restore drive
2025747	code for history of suicidal statements
2026150	definition secondary trauma
2026558	what do you call someone who writes biographies?
2026618	how effective is forskolin
2026625	benefits of tech
2026751	how to prevent hoarseness when speaking
2026932	definition of tank hold up
2026968	can you connect with alexa
2027130	home child care definition
2027253	weather in keene new hampshire
2027497	how often should you take your toddler to the potty when potty training
2027763	what are some drawback of toll roads
2028378	when is trial by jury used
2028853	gotham tv series cast
2029260	what is wrong with amazon prime
2029269	when does a human life begin?
2029449	gmat score holder in world
2029884	seton catholic school phone number
2029989	number density at the international space station
2030020	what is the combination of keys to take a screenshot on a computer
2030172	how many times can you take the written test?
2030187	is there a release date for current war
2030281	credit corning union
2030323	description of mesquite plant
2030389	how did freddy cougar die
2030608	define: monsieur
2030611	if your period blood is brown
2030718	tarantino properties, inc.
2030898	the price per per person of renting a a bus varies inversely with the number of [a
2031726	yeast infection md
2031747	is impairment a write down or allowance?
2031765	hsm of florida
2031767	blue/white pain land
2031771	what is the difference between sequence and chronological order
2031893	why do cashiers ask if you want your receipt
2032026	what dr seuss his first job
2032033	misunderstood warrior cats
2032090	what to do if your partner is possessive?
2032196	hidden history of rome city life
2032459	who plays the icarly characters
2032573	what is the kinetic energy of object a after being pulled
2032949	what is the outside of a shape
2032956	how much was the saturn v
2032978	how much urine required for dot test
2033232	people who have fled the us because trump
2033396	what is unresponsiveness
2033470	cities near weeki wachee springs
2033486	ucf stadium expansion
2033790	foods to reduce prediabetes
2033819	what is scea
2034205	how much magnolia bark to take for anxiety
2034564	how many months is the short
2034591	do work synonym
2034676	the population of kings grant fayetteville prior to liberty hills
2034919	what is my network name and password
2035009	who sang the song maybe
2035447	how much money do i need in bangkok
2035565	what does duped mean
2035619	when muscle fibers are stimulated so frequently they do not have an opportunity to relax, they are experiencing __________.
2036145	warren federal credit union rates
2036182	number of instagram post about unicorn frappuccino
2036404	state of new mexico unemployment benefits
2036420	how tall to frame a stand up wall
2036497	which essential oils can harm a dog or cat?
2036665	karns softball league
2036968	what to do if antibiotics cause nausea
2037215	which important complex is formed due to complimentary binding at the enzyme active site?
2037251	how many people watch nba basketball
2037547	does magic kingdom meet maximum capacity at easter
2037609	define unstop
2037717	when did harvest crusade begin
2037758	what is an iphone ring holder
2037860	popular landmarks in colorado
2037924	what can you do with heart of palm
2038438	define fluency in language
2038466	how to check if someone has a restraining order
2038743	phh mortgage mount laurel direct phone number
2038890	syracuse law school ranking
2038952	usb encryption
2039251	where are gmail ads
2039513	what year does the first war take place? wow
2039890	selenium or biotin in excess affect hair loss
2039908	what is the name of a baby nurse
2040063	buffalo wild wings menu origin
2040287	definition of now
2040352	what is the weight a chevrolet suburban
2040403	reduce common cold effects
2040613	what does london breed stand for
2040752	how to extinguish a life estate
2040789	proper mla citation generator
2041069	what chords sound good together
2041410	diaphragm contracts during inspiration
2041828	how the environment affects humans
2041989	how would general strain theory explain that girls/women commit lesser amount of more serious crimes?
2042236	viktor titov
2042451	when to use membranes
2042570	in which language is the moon represents my heart
2042581	when and where is the cajun festival in james island
2042946	what about pandora
2042979	what type of beyblade is uber unicrest
2043895	motivational theories
2044298	weight gaining shakes for children
2044423	what tax form do you get from short term disability
2044492	why are we scared of iran
2044554	what does acd in a call center mean
2045118	define earcon
2045261	whats the difference between mirrorless and drsl cameras
2045272	what hazards come with making paint
2045313	what is a hinge proposition
2045352	what are magnetic strips with holding power on two faces usually used for
2045536	what's the spf of poly
2046127	reaction is spontaneous if delta g is
2046371	functions of three regions of sm intestine
2046635	which equation describes the relationship among p, v, r, t, and n in the ideal gas law?
2046657	hilbert circle theatre indianapolis in
2047233	what food or ingredient is made of tree bark?
2047276	what does it mean to augment something?
2047558	largest reputable credit card processors
2047582	classified definition secret, top secret
2047970	what is in glamour gold
2048073	waynesville st robert mo chamber of commerce
2048565	what is the best receiver
2048814	a phylogeny of living animals
2048830	cast of family ties
2049057	the cast of greenleaf
2049186	what are common adhd behaviors in children
2049282	does current flow through resistors
2049367	define repel'
2049417	what is peace in french?
2049687	what vaccination should u give show piglets
2050099	what type of evaluation to use in the classroom
2050689	time of ajr concert in indianapolis
2050762	how many milligrams of trazodone what does it have nobody?
2051018	if there is no output level where price can cover average variable costs, the firm
2051254	weather in lakeland, florida
2051477	what is survival spine
2051692	what a pull
2051941	where is mike schuh
2052035	what do i need for a saltwater fish tank
2052224	graciela hoal np
2052316	google running slow
2052385	what is involved in bowel resection
2052501	highland center for the arts greensboro
2052892	is networking expenses deductible
2053142	what is ait psg
2053884	when a house goes into foreclosure what happens to items on the premises
2054102	what do we use to determine someone's level of responsiveness?
2054117	how are zombies
2054355	what does chicken by-product meal add to pet food?
2054452	define dissolve for kids
2055194	restaurants in shelton ct
2055203	how old does your child have to be?
2055211	why does cat get restless at night
2055469	a/an _________ is a place where the state or central government is unable or unwilling to extend control or effectively influence the population.
2055480	how many incidents of corneal abrasion
2055634	what type of videos can powerpoint play
2055795	collins the good to great
2056158	what phone to use in europe
2056311	what shoes with a jumpsuit
2056323	how does magic leap optics work
2056473	is a dairy farm considered as an agriculture
2000138	How does the process of digestion and metabolism of carbohydrates start
2000438	apatite definition
2000727	calculate salary from basic pay
2000882	cerebellar disease definition
2001010	cost comparison of funerals in australia
2001187	definition of nucleus biology
2001459	dog age by teeth
2001575	fda definition of verification
2001644	function of langerhans cells
2001686	good food and bad food for high cholesterol
2001897	how did women gain the right to vote
2001988	how do i log into my dlink router
2002075	how do you clean smoke off walls
2002168	how does a bounty hunter make money
2002297	how is diethylene glycol synthesized
2002497	how many hours are the average college classes
2002862	how to become a dog physical therapist
2002935	how to calculate your canada pension plan
2002988	how to check hard disc memory on windows 10
2003061	how to cook a beef round tip roast
2003141	how to cook breaded pork schnitzel in oven
2003222	how to copy a word 2007 document to disk
2003246	how to create create a web calendar
2003282	how to deduct 401k from taxes
2003379	how to emulsion a house
2003521	how to get rid of bad breath caused by garlic
2003746	how to make bulb switch using a batteries
2003787	how to make linkedin private
2003834	how to make tea in turkish tea pots
2003836	how to make the best pork crackling
2003855	how to map a drive as a folder in windows server 2003
2003903	how to pay ntuc membership fee online
2003944	how to print double sided on word
2004023	how to remove icloud acc without a password
2004031	how to remove password from winrar
2004042	how to remove the top on a delco car battery
2004094	how to screen print windows 7
2004116	how to set 0 in top and bottom margins in ie page setup
2004240	how to transfer music from cd computer to samsung s6 edge
2004282	how to unlock the word document
2004322	how to use the full picture as the wallpaper for iphone
2004369	how too make homade buttermilk
2004441	importance of redox reactions
2004729	meaning of anaesthesiologist
2004751	meaning of the name theodore
2004810	mushrooms good for cholesterol
2004870	number of graves at normandy
2004885	official parkinson's disease definition
2004980	pokemon x how to delete profile
2005261	similarity principle psychology definition
2005468	timing belt purpose
2005699	what are islet cells made of
2005952	what causes eye blackouts
2006028	what did colonial women wear
2006031	what did nato mean by mutual defense
2006402	what does supra mean
2006426	what does the erector spinae do
2006623	what is 1 century
2006834	what is a frizzle
2006920	what is a molecule resonance structures
2006929	what is a narwhal tusk made of
2007179	what is an executive agency
2007217	what is animal rennet
2007441	what is considered poulty
2007553	what is elastic deformation in science
2007582	what is ethnocentric orientation
2007797	what is iress trader
2007798	what is irish kipper
2007816	what is karma koin
2007894	what is malleable structure?
2007993	what is navex15 sys
2008167	what is pythium disease
2008392	what is the coastline of caribbean
2008416	what is the difference between an embossing notary seal and stamp
2008445	what is the difference in a rxt and a gtx
2008558	what is the normal range of resting heart rate
2008860	what nutrition minerals vitamins are in Aloe vera juice
2008993	what to put on a bee sting
2009425	which part of the adaptive immune response involves b cells
2009961	what is secom
2010057	what is a kester bar solder
2010280	what does ftx stand for army
2010330	what is a certified check
2011589	what type of stretcher is used for rapid immobilization of spine and neck injuries?
2011681	what is a mrcp?
2013983	what is water resources management
2014492	how to find interquartile range on a box plot
2014738	how to cut in walls
2015457	avery name meaning
2015484	how to take care of boil on forehead
2016898	how to delete a row in vba
2017489	what is ileus
2017700	how do you calculate cspi
2024410	corn mash
2024674	what procedures standardize watch turnover between oncoming and off-going personnel and are essential to establishing the
2025158	type of dr that does colonoscopy
2025253	what is the best vitamin b to take
2025525	refractive target distance
2025602	which of the following factors weaken political campaigns' effect on voters
2025694	what is the largest number of electrons that can be in an electron shell?
2026107	what causes people act for civil rights
2026111	effects of nutrition on immune system
2026305	the coffee called flat white
2026883	what did clinton say when he was being investigated?
2026975	is sea salt good for you
2027873	who is the florida school shooter
2028098	what does dried nori have in it
2028186	why do pilots purposely fly low
2028229	healthy grief process
2028563	can you video chat on android
2028626	how can the executive branch check the legislative branch?
2028684	calories in corte de rhone
2028882	what time in tel aviv
2029021	what is a seminal moment?
2029777	what time in omaha ne
2029986	wes shum actor
2030543	definition claim
2031019	is streptococcus mitis gram negative or positive
2031060	do spayed female dogs have periods
2031111	is terraria xbox one
2031444	baltimore city school for the arts
2032271	prototypes for the wall cost
2032396	what helps a strained muscle
2032626	ptca percutaneous transluminal angioplasty
2032645	where are spo
2032971	what themes are in action movies
2033003	what is better jump drive or disc
2033228	koit number
2033904	who clears for raymond james
2034050	meandered definition
2034111	kroil definition
2034735	living in berlin
2034768	who are chiquitas major competitors
2034771	asier in persian meaning
2035057	is gloria steinem
2035100	why do use adjectives
2035601	what is true about millimeters and kilometers
2035895	cost of us visa uscis
2036557	when did blue sour patch come out
2036761	iowa counties by population
2037162	iqe share price forecast
2038208	vikus main role in gregor
2038875	what is an approved shooting target
2039289	why is woodwind and brasswind closed
2039665	irene forte
2039786	define retrogression
2039985	walt disney world swan resort in orlando
2040064	how much money has a wrinkle in time movie made
2040204	erik barsness percussion
2040234	why is abby lee in jail?
2040438	ugi medical meaning
2040518	the rogue warriors
2040693	donald degraffenried
2040725	what are the healthiest
2040872	what are the patient care procedures
2041554	what is a coonan
2041644	war chief doctor who the war games
2041662	what factors determines education
2042073	the hormone __________ is produced in ________, which some scientists speculate may lead to differences in male and female brain structure, and later variations in gender-related behavior(s).
2042373	the standard charlottesville
2043464	what is the best brand electric range
2043625	the top reverb pedals
2043922	is eucalyptus oil good for allergies
2044225	when is prices corner sears closing
2044323	what does a bachelor of science health education
2044677	when do we use normal distribution
2044698	house of representatives of states minimum age
2045113	currently disneyland prices
2045491	how old is faith abubey
2045514	why do white cell counts get low in cancer patients
2045828	tope definition
2045938	jett manufacturing
2046027	what is the best credit card for seniors
2046160	code of ethics for teachers the state
2046234	what states are common law marriage
2046312	how fetus develops week by week
2047836	why do some fighter jets have two pilots
2047878	what was the lahaina banyan court park
2047929	what is the name of dehumidifier pumps
2047935	how do i know if my child is dehydrated
2048301	what are the advantages of using value-added networks (vans)?
2048377	how do doctors repair hernias
2049378	directv royal oak mi
2049665	water drinking challenge skin improvement
2049718	shuffled meaning
2050707	the tampa state bank marion ks
2050895	what day is the draft on
2051097	process control number
2051151	what is the fastest tp cable
2051304	what astrological.sign is someone in september
2051782	us attorney office charleston michael stuart
2052583	civilized community ]definition
2052603	bison energy
2053242	what does not rated mean in movie ratings
2054657	what happens when you have broken, cracked skin on left foot
2054963	most penetrating oil for skin
2055067	can archaebacteria cause diseases
2055273	horizon irrigation san rafael phone number
2055576	are employer hsa contributions taxable in states
2055737	sandos playacar in playa del carmen
3000503	what pills are safe for abortions
3001342	what is pelvic ultrasound used for
3001525	which structure grows smallest when the body overexpresses its production of estrogen?
3001606	most common technology acronyms
3001714	who is russia's biggest media company
3001800	who makes new mexican beans
3002215	winningest athletes
3002409	where can you find spongy ductal carcinoma?
3002842	what kind of disc is impingement
3003021	who are the three arthur steins
3003282	domestic violence laws in wisconsin
3003487	what are enzymes
3004033	why are the feathers of birds bright
3004729	caseless match definition in c#
3005001	how to cook thin sliced home fries
3005818	what size silicone for shower
3006206	what is the best treatment for bruxism
3006506	what program is wine on
3006834	who played dündar in tetmoy
3007786	which species of cockroach are endangered
3007808	what is covid vaccine used for
3007911	what's the holidays in may?
3008105	who receives recorded video from collaborative
3009314	what was tut's first name?
3009702	what is the haircut that makes you look cute
3010181	how to tell the percent of 9/10 to 10/11?
3010358	angel number 616 spiritual meaning
3010429	how many hp in staley wet/dry vacuum
3010623	what navigation system does ireland use
3011635	what two metals are not alkali metals?
3011702	how many extra foot bones are there
3012016	how much does the golf tdi cost
3012158	lca number nc dhhs
3012409	what happens to the lobster during molting
3012933	words that describe mountaintops
3013204	who is the middle east singer?
3013300	what is a building permit in colorado
3013802	hotels in kenner la
3014524	how to find the conductor
3015007	how old was lindley sanders
3015502	who played superman in the first justice league movie?
3015938	what is the game that the game players start
3016803	nucor is a wholly owned subsidiary of
3017118	what language does swahili speak
3017201	what is chickadee spirit animal
3017594	how long should endodontics crowns last
3017818	why did adobe photoshop keep crashing
3017938	why should i use my business loan
3018350	what was the first coin dapp to have a cryptocurrency
3018676	define most probable presence
3019178	how to make a slope on a line
3019843	can you get free spanish movies from cnet
3020233	what are some resources people use to be killing machines
3020401	which spikes to buy
3020750	what kind of fish is jack crevalle
3021100	what is the worth of a house
3021405	what causes blood in urine in husband
3021588	why does fraud occur in online transactions?
3021830	what does frq stand for in the workplace
3022345	how many types of team are there
3022442	why does my router not work
3022827	what kind of feeds for a leopard gecko
3024107	what kind of tree do walnut trees grow on
3024731	who is responsible for protecting a government
3024910	how to make curtains that open
3025148	which colleges offer taxation degree
3025223	how many colors are in ticart
3025610	how do you get financial aid
3026202	what is nas office license
3027001	how fast does a scooter go
3027317	what is kinau
3027897	how do you spell with asl
3028428	who should not use an iud in adolescent
3028530	what probe traces est ph
3028911	which substance produces the emission spectrum
3029069	where is a fibroids location
3029110	what makes glitter lipstick
3029629	does natural mineral filtration work
3029858	how to get plural of us
3030012	what diaper insert to use for overnight
3030502	what antibiotics are commonly prescribed for a uti
3030812	who owns drs train fleet
3030926	what types of presentations are used by presentations
3031531	hotels in cimes,ca
3031910	what is myrrh essential
3032025	when did janelle pierzina and jay desanto have a baby?
3032721	what is the legal driving limit in a residential area
3032932	who does edmund owen marry
3033207	what is a mayan language
3033726	what is the average cost per year to replace an electric furnace
3034311	what is a good hand and foot soak
3034424	what weather is shower
3034852	how to get stronger at striking
3035413	who killed charlotte afton
3035614	what's the benefit of optimization?
3035738	what is the purpose of statins?
3035922	what is considered a workplace hazard
3036109	are alligators considered exotic pets
3037358	what's the difference between imagery and visual
3037683	can you blur your iris
3037901	when do you stop feeling pregnant
3038606	what region is duolingo used in?
3038813	how do i delete my amazon content
3038944	which one is the cvv vaccine
3039801	what is the limit for blog comments
3039907	what types of eukaryotic cells use aerobic respiration
3040113	average salary of police officer in dallas
3040243	what is the thunder and lightning based on
3040323	where do i find my cat after my mom is gone
3040509	college of the ozarks nursing
3040767	who are the star wars princesses and generals
3040812	where is goofy's castle
3041598	what is banner
3041621	which transporters associate with the transport protein
3041901	do moles eat mice
3042039	where are freedos used
3042221	types of belts for women
3042440	what is einstein father's name
3043254	what does a sandbank shark eat
3043531	timeline template excel
3044137	is a wheelchair a transportable medical device
3044330	how does a clematis germinate
3044609	how long is read time for an article
3045412	what skills do building and construction engineers
3045710	what lofts are there
3046349	how to become a registered nurse
3046416	what homeowners insurance should i buy
3047066	what license does an llc need
3047111	what's a step-daughters birthday
3047223	us anti corruption laws
3047413	what helps cat pee smell
3047615	maps reduces
3048240	what tab opens autocorrect in excel?
3048620	difference between a resolution and refresh rate
3048739	who developed the concept of a single element to explain how chemistry works
3049956	can midi files be pasted?
3050136	are there black and tan coonhound
3051259	what kind of sounds do yosemite has
3051442	what broker can i use to transfer account to another brokerage
3052200	where do they have german border
3052416	define atropine
3052503	do lizards eat crickets
3053064	why is there a constitutional right to privacy
3053163	what makes a speech effective
3053619	cancer mortality rate
3054151	what is isport
3055334	how alginate for wound dressing works
3055822	what is the most popular spiritual book
3056009	what kind of doctor treats musculoskeletal problems
3056103	what type of electricity does lightning carry
3056404	are chemical weapons used in mass destruction
3057013	why are wi-fi access fees high
3057404	what are i.e. diets for pregnancy
3057603	how to recycle batteries in pa
3057808	what is that sign of trouble
3058100	what is the seated position in japan
3058206	what is smart vocabulary
3059709	how to find mean & variance for regression analysis
3059866	who played sherrilyn feeney
3061630	where is morecambe uk
3062222	what is grackle
3062402	how long do you blanch spinach
3063002	what is ivt in medical billing
3063876	where does angela turner work at
3063903	what kind of burgers do smashburger serve
3064122	why do databases need to be updated
3064534	is unconditional love divine or self-giving
3065017	what is the agonist in bicep curls
3065160	what is the shape of a trapezoid
3065529	what type of patient will need traction
3065726	what length of beard should i get
3065927	who was peter and does he have an estate?
3066022	how to get your onedrive file
3066313	who did kelly johnson divorce from?
3066601	what makes a good kidney
3066945	how does overlap in table sawing work
3067065	how much experience will be gained in the slayer lords
3068053	who are the actors in the movie tiger eater
3068332	is tomato a good food for prostate health
3068627	what is the goal of carbon projects
3069365	where did baby christ get born
3069625	causes of valve prolapses
3070316	what is housing discrimination nc
3070610	is it necessary to glue cabinets together
3070706	how to write an essay quickly for school
3070963	how does a storage controller affect vmware
3071051	what type of injury result when downer cows are compressed
3071509	apple device is currently locked what do i do
3072704	why do we do transition sentences in writing
3073040	what software does asp use
3074178	when the related party replaces the home do they have to release the title
3075188	what protocol can be used to transfer files
3075402	what qualities should business leaders have
3075527	how to get a degree in witchcraft
3075601	what is new stylus
3075804	when did the newshour discuss iraq
3075902	what vitamins are good for blood work
3076192	how to avoid work conflict
3076509	what numbers make up 11
3076700	what is tbsp in minced garlic
3078271	what sports did you play as a teen
3078402	which bike has a brake disk
3078845	what supplement is good for cancer
3079914	where to find the best garbage disposal
3080189	where can you find diskreet vibe
3080505	which suv is best to buy
3081609	what information is needed to get a ballot
3081968	what is in connecticut
3082115	what is edf file
3082730	how many questions are in the dmv exam
3083210	what internet applications are used in china
3083313	what to bring for a rainy day
3083600	what type of foot pain is this
3084129	what product line is gigabyte
3084324	when did harrison maxwell dempsey die
3084674	what are dragons good at
3086246	what does stand in your way mean
3086416	when did coffee use to be chicory
3086593	what form do i fill to file for apartment insurance
3087008	where is the st croix river course
3087150	firestone jobs
3088736	why do i have night vision
3089306	what is the coldest place in the world
3089409	do sleeping dogs lie?
3089840	where do you find the charm bar?
3090100	who is tk-421
3090406	age limit to have a financial account
3091099	why does jesus say there will be a flood like noah's flood
3091217	what seasoning is used on buffalo wings
3091340	define fads
3091450	average college costs for four years
3091619	what are the services of a bank
3092042	how to get from charlotte airport to downtown charlotte nc
3092147	who was president when blacks were liberated
3092205	simons university phone number
3092307	how long to boil oatmeal packet
3093428	what is gpu used for?
3094106	when is my chemical romance on
3095014	what makes a recording
3095206	what to make yourself for halloween
3095724	what size stake to use for backboard
3096327	how often should you strength train
3096755	what does the name corrine mean
3097060	vnr stock
3097408	where is ra certification given
3097909	most powerful drills in the world
3098109	do gas additives really help your gas mileage
3098631	where are cichlid mouth
3099072	when was reinhold niebuhr born and died?
3099514	what can cause your period to start late
3100005	What is the Abortion Pill and at what stages of pregnancy can it be used?
3100013	How are ovarian cysts diagnosed using ultrasound?
3100015	What are the effects of too much estrogen on body shape?
3100016	What is the acronym definition in various fields?
3100017	What are some media sources outside the official Kremlin stance that can access exclusive interviews?
3100018	What are common ingredients added to beans in New Mexican cuisine?
3100022	What is the significance of the term 'winningest' on August 12, 2016?
3100024	What are the rare types of lung cancers?
3100027	What is lateral capsule impingement and how does it cause pain?
3100029	List of individuals with the last name Stein and their professions
3100031	What is a 72 Hour No Contact Provision in Wisconsin domestic cases?
3100033	Can RNA function as an enzyme?
3100038	How do animals use visual signals for mating and territorial dominance?
3100044	How does caseless matching work with bytes in a multibyte locale?
3100047	How to cook thin-sliced potatoes for a perfect dinner side dish?
3100055	How can I seal seams between onyx panels and trim them to fit?
3100059	How can dental crowns help with bruxism-related tooth damage?
3100062	How can I use Adobe apps on my Linux Desktop?
3100065	Who plays the role of Suleyman Shah in the story and what is his relation to Osman Gazi I?
3100074	What is the plumage color of males during mating season in Madagascar?
3100075	Did mainstream media admit to the lab origins of covid-19?
3100076	What are the special holidays in May 2021?
3100078	How do moderators receive Collaborate session recording emails?
3100088	What was the significance of the change in Tutankhamun's name?
3100092	How to choose a hairstyle based on personality and lifestyle?
3100096	How to convert 9/10 into a percentage?
3100098	What is the meaning of angel number 616?
3100099	What is the STANLEY SL18191P 10-gallon wet/dry vacuum?
3100101	What types of public moorings does Waterways Ireland provide along navigable waterways?
3100111	What makes calcium and heavier elements in Group 2 real alkaline earth metals?
3100112	What are extra bones in the human foot and do they cause any problems?
3100115	What features are included in the SE 35th Anniversary Edition?
3100116	How can I contact LCA for more information?
3100119	Do larger lobsters become tougher when cooked?
3100124	What are the prepositions in the sentence about a train going through a tunnel and over a bridge?
3100127	How did Michael Jackson help Robson's career in Hollywood?
3100128	How do I apply for a Building Permit or access Buildings Department Records?
3100133	What hotel is near New Orleans International Airport with state-of-the-art accommodations?
3100140	How do I identify conductor and insulator objects in the game?
3100145	What happened to Fell and Lindley after leaving Three's Company?
3100149	What is the release date, cast, and storyline of Justice League – Part One?
3100152	What is a pick-up game in sports and video games?
3100160	What are the unique characteristics of Nucor's work environment?
3100163	What are the predominant languages in the country and what is the government's plan regarding English in schools?
3100164	When should I call on the Chickadee Spirit Animal?
3100165	How does a crown provide protection to endodontically treated teeth?
3100167	How to fix Error 105 in Adobe Photoshop?
3100168	How does paying off a loan quickly benefit a profitable business?
3100171	What is Dogecoin being referred to as by celebrities and influencers?
3100173	What are the different types of Occurrence Tags for species in a park?
3100177	How do I form uppercase letters C, E, G, and O in this writing style?
3100183	Is the website with free Spanish movies accessible?
3100186	How does a meat-based diet influence brain size?
3100188	What factors affect the selection of track spikes for junior and senior athletes?
3100191	What is the local name for Jack Crevalle in Cabo San Lucas and how is it related to sportfishing?
3100195	What are the different credit score ranges?
3100198	What could cause blood in urine for someone with a hernia?
3100199	What is triangulation fraud?
3100202	What does the acronym FRQ stand for?
3100207	What are the common types of teams in the workplace?
3100208	How to fix TLS handshake failure on Google Wifi router?
3100212	How often should I clean a Leopard Gecko's cage?
3100225	What programs does Ame teach at Fox Run Environmental Education Center?
3100231	What are the contents of the annual reports on the Responsibility to Protect published by the United Nations Secretary-General?
3100233	How can I open pinch pleat curtains?
3100235	Where is the University of Baltimore's Master of Science in Taxation program located?
3100236	What is the performance of 4 Color Tibalt deck?
3100240	How do I apply for federal student loans?
3100246	What determines the trade license fees and where do I pay it?
3100254	What is the top speed and weight capacity of a 150cc gas-powered scooter with an air cooling system?
3100257	What is a good snorkeling spot for small groups and young children in Maui?
3100262	What is the common use of ASL fingerspelling?
3100268	How has the medical establishment's thinking about IUDs for adolescents changed?
3100269	What is the topic of the paper submitted by Agnes and Scott?
3100273	What are the two forms of line spectra and how are they related?
3100274	What are the different types of fibroids and where are they located?
3100275	How to create a wearable glitter lip look?
3100280	What is the history of water treatment processes?
3100282	How do you form the 1st and 2nd person plural stem in French?
3100284	Which are the best overnight diapers for toddlers?
3100289	Is S. saprophyticus UTI common in vegetarians and what antibiotics are effective?
3100292	What type of trains do Direct Rail Services' Class 20/3s and Class 37s work on?
3100293	What are some examples of visuals used in presentations?
3100299	What are some popular and best value hotels in the Newport Beach area with 2 stars and below?
3100302	What are the uses of Myrrh Essential Oil in Christianity and oral health?
3100303	When was Janelle Pierzina's daughter Violet Anne born?
3100310	How can I find information about my state or country's residential traffic laws?
3100312	Who do the children and beavers go to find in the story?
3100315	What is the meaning of the term 'Mayan' in linguistic context?
3100320	What is the approximate annual cost of heating a home?
3100325	What is a paraffin bath for hands and feet that can help with arthritis pain and dry skin?
3100326	How can I have the best viewing experience for meteor showers in 2017?
3100329	How can shadow boxing benefit my training?
3100335	Who murdered Charlotte and how was the crime discovered?
3100337	How do nodes in a content delivery network optimize the delivery process?
3100338	What is the starting molecule in cholesterol production?
3100340	What are the most common hazards in a workspace?
3100342	Are alligators and crocodiles considered exotic pets in Kansas?
3100354	What are the different types of imagery besides visual?
3100357	How can I use creative blur to enhance my photos?
3100360	What is the second most prevalent reason for hospital stays in pregnant women?
3100367	What percentage of Duolingo users in Trinidad and Tobago and Jamaica are learning Spanish?
3100369	How do I delete downloaded Amazon movies or TV shows from my device?
3100370	What is the impact of vaccination on global health?
3100379	What are the guidelines for publishing comments on this website?
3100380	What is the comparison of aerobic respiration and fermentation types in eukaryotic cells?
3100382	What is the average salary of a police officer in Dallas, TX?
3100383	What is the Indian legend behind the title of the passage referring to restoring life to a wasteland?
3100384	How to search for a lost cat in the neighborhood?
3100386	What is the rating of College of the Ozarks for Nursing program?
3100388	Who is the most prominent female character in Star Wars universe?
3100389	Where can I meet Goofy and Pluto on my next trip to Disney World?
3100395	What types of flags were used in medieval times?
3100396	How does wild-type PABPN1 associate with transportin in a nuclear protein?
3100399	What are the considerations for trapping a mole?
3100400	What are the advantages of using FreeDOS in embedded systems programming?
3100402	How to make a no-sew peplum belt and DIY rope waist belt?
3100404	What was the impact of AC electricity on Einstein's family business?
3100410	How do young sharks eat their food?
3100413	How can I find an Excel roadmap template for my project?
3100419	How to ensure safety of a child in a wheelchair during transportation?
3100421	How to germinate clematis seeds?
3100424	How is read time calculated for articles with multiple images?
3100432	What are the core skills and subfields of civil engineering?
3100434	How does the technology in a golf club minimize face-angle change and improve forgiveness?
3100440	What are the areas of competence covered in WGU's B.S. Nursing (Prelicensure) curriculum?
3100441	How should I adjust my homeowner's insurance after home improvements?
3100447	Do I need a wholesale license to sell tangible goods in California?
3100448	What message can I write for my step-daughter's birthday?
3100449	What are the penalties for anti-corruption and bribery in the USA?
3100451	How does a simple solution work for removing cat pee odor?
3100453	What is the most common example of mapreduce?
3100458	How to customize AutoCorrect in Excel?
3100462	How do higher resolutions and refresh rates benefit gamers?
3100463	How did Boyle's view impact the study of chemistry and Lavoisier's work?
3100475	How do I copy and paste MIDI notes in Piano Roll?
3100477	What are the characteristics of a black and tan Coonhound?
3100488	What are the sound signatures of waterfalls in Yosemite National Park?
3100489	How do I transfer my Fidelity account to Ameritrade?
3100497	What was the fuel-based challenge in the German Border episode?
3100499	What is the use of atropine in organophosphate poisoning?
3100500	Where can I buy live crickets and other feeder insects for reptiles at low prices?
3100505	What did the Supreme Court rule in the case of Torrey Dale Grady v. North Carolina?
3100506	How should I view my audience during public speaking?
3100511	What is the number of breast cancer deaths in the UK annually?
3100515	How does the in-house product development team approach sports nutrition formulation?
3100526	What types of wounds are calcium alginate dressings effective on?
3100530	What are some best-selling spirituality books?
3100532	Who are the orthopaedic specialists at Chester County Hospital?
3100533	How does lightning travel through a building and how much electricity does it contain?
3100536	What changes were made to Pub. L. 108-458, §6802 in relation to chemical weapons?
3100542	How did online programs affect Wi-Fi charges for a frequent traveler?
3100545	What is a hyperemesis diet and how can it help during pregnancy?
3100547	Where can I recycle uninterruptible power supply batteries?
3100549	How to improve communication and stabilize my relationship?
3100552	What are some disrespectful sitting positions in Japan and the Middle East?
3100553	What are some features of free ISPs?
3100568	What is the definition of mean sum of squares and its relation to variance?
3100569	What happened to Shirley Feeney's actress?
3100587	What happened to the piers in Morecambe and how did it affect the town?
3100593	How do great-tailed grackles solve the Crow and the Pitcher puzzle?
3100594	How do I blanch cauliflower when the curd is 2 to 3 inches in diameter?
3100600	What is intravenous therapy and its billing information for outpatient services?
3100608	What was Turner's role in the White House National Security Council?
3100609	Where can I find Smashburger nutritional information?
3100611	How does incorrect data entry affect student records and services eligibility?
3100615	What is unconditional love and how is it related to altruism?
3100620	What are the roles of synergists and agonist during a biceps curl?
3100621	What is the relationship between line cross-section and line profile in Fig.4-3?
3100625	What are some common assistive devices used in patient care?
3100627	What is the optimal beard length for a full look and coverage of bare patches?
3100629	Who did Doris' mother want her daughter to marry?
3100630	How do I sync a shared folder to my OneDrive?
3100633	What allegations does Johnson make against Hamlin in their divorce case?
3100636	How to choose and prepare kidneys for cooking?
3100639	How does overlapping wide boards create a tight connection in a workbench?
3100640	How are divine energy experience levels divided and affected by boons?
3100650	What is the plot of the movie directed by Kathryn Bigelow starring Patrick Swayze and Keanu Reeves?
3100653	What nutrients in tomatoes can protect men against prostate cancer?
3100656	What is the goal of the worldwide urban carbon monitoring system?
3100663	Where was Jesus born?
3100666	What are the complications associated with mitral valve prolapse?
3100672	What are the exceptions to housing discrimination laws in North Carolina?
3100674	Does gluing cabinet joints increase the sturdiness?
3100675	How to write an essay quickly and effectively?
3100677	How to improve slow VMware/Hyper-V performance?
3100678	What factors affect the severity of pressure damage to muscles in downer cows?
3100683	How is the iPhone IMEI unlocking process performed?
3100695	How to teach Social Studies in writing and reading block?
3100698	What are the disadvantages of ASP and the benefits of web-based data warehousing?
3100709	Can I purchase a replacement property from a related party during a 1031 exchange?
3100719	How does the File Transfer Protocol work between two computers?
3100722	What are the key characteristics of a business leader?
3100723	How can I start learning witchcraft?
3100724	What are the features of the newest P05 stylus?
3100726	What did Jim Lehrer say about The Newshour's coverage of the Iraq invasion?
3100727	What vitamins can help with pain in the arm after a blood test?
3100729	How to prevent a workplace discussion from becoming an argument?
3100732	What are the numbers in sequences from 0 to 13?
3100734	What modifications can be made to a chicken recipe to make it more flavorful?
3100748	What was the batting average of the author in junior high?
3100750	What are the features of a 24-speed bike with an aluminum frame?
3100754	Did selenium supplementation affect the rates of prostate, colon, and lung cancer in a clinical trial?
3100764	What is the purpose of Bestgarbagedisposalunits.com?
3100766	What advice does a breed advocate give about getting a certain type of dog?
3100770	What do reviewers think about the 2007 Chevrolet Suburban's performance?
3100780	How do local officials confirm residency and citizenship for absentee ballot?
3100783	What is the origin of the hamburger and what are some popular food options in Connecticut?
3100785	Which applications can open EDF files?
3100791	What can I expect from the Virginia DMV Practice Test?
3100796	Do MS webinar applications and Skype work in China?
3100797	What should I wear during cool and wet weather?
3100800	What are the symptoms of plantar fasciitis-like foot pain?
3100805	What are the most famous products of Gigabyte?
3100807	Who was John Alphonsus Turretini?
3100810	What are some easy dragon crafts for indoor fun?
3100825	How does being considerate and friendly affect your relationship with people?
3100827	When did the mixing of chicory with coffee become popular and why?
3100828	What do the terms HO-6, HO-3, and HO-4 mean in homeowners insurance?
3100833	What is the environment like at the St. Croix River Valley golf course?
3100834	How can I join the Firestone team?
3100850	How does the absence of melanin in some animals contribute to their night vision?
3100855	Which regions in Canada are considered the coldest?
3100856	What does 'let sleeping dogs lie' mean and how does it relate to dealing with problems?
3100860	How to adjust screen brightness in Windows?
3100863	What did TK-421 do after being told to go about his business in the aqualeisure unit?
3100866	Can non-parents open a joint bank account with a minor?
3100871	How does Jesus compare his return and future judgment to Noah's flood?
3100873	What was the secret ingredient used in the original Buffalo Wings in 1964?
3100874	What are some examples of fads?
3100875	What is the average total college expense for a 4-year in-state college student?
3100877	What are the basic financial functions offered by banks and credit unions?
3100880	What is the cost of airport shuttle services from Charlotte Douglas International Airport to Uptown Charlotte?
3100881	What discussions did Douglass have with Presidents Lincoln and Johnson?
3100882	How to contact Simmons University for Workday registration issues?
3100883	How to prepare hot oatmeal using boiling water method?
3100893	What are the benefits and drawbacks of using GPUs for large datasets?
3100899	What was the My Chemical Romance joke on Twitter that gained popularity in 2019?
3100907	How can I change the recording destination and mode in a device?
3100909	What are some benefits of making a homemade Halloween costume?
3100913	How to set up a horseshoe pit and stake distance?
3100918	Can older adults gain strength by training once per week?
3100922	What is the meaning and origin of the name Corrin?
3100925	What is Vonage Holdings Corp. and its stock symbol?
3100929	How do I apply for instructor training if I am a resident of Missouri or Maryland?
3100934	What are the colors and specifications of Ryobi One+ 18V P222 Rotary Hammer?
3100936	Do additives in expensive gas stations improve engine performance and gas mileage?
3100940	What is the fin and mouth structure of a specific aquatic creature?
3100944	What is the main idea of The Children of Light and the Children of Darkness by Reinhold Niebuhr?
3100949	How do birth control and hormone levels affect menstrual cycle variations?
